CurrentName,NewName
OVCC-WS-MXL9371PVS,OVCC-WS-MXL9PVS
OVCC-WS-MXL9371PZJ,OVCC-WS-MXL9PZJ
OVCC-WS-MXL9371PWX,OVCC-WS-MXL9PWX
OVCC-WS-MXL9371SL6,OVCC-WS-MXL9SL6
OVCC-WS-MXL9371PYG,OVCC-WS-MXL9PYG
OVCC-WS-MXL9371PX8,OVCC-WS-MXL9PX8
OVCC-WS-MXL9371PVN,OVCC-WS-MXL9PVN
OVCC-WS-MXL9371SGM,OVCC-WS-MXL9SGM
OVCC-WS-MXL9371PXB,OVCC-WS-MXL9PXB
OVCC-WS-MXL9371PLK,OVCC-WS-MXL9PLK
OVCC-WS-MXL9371PQG,OVCC-WS-MXL9PQG
OVCC-WS-MXL9371PXY,OVCC-WS-MXL9PXY
OVCC-WS-MXL9371Q03,OVCC-WS-MXL9Q03
OVCC-WS-MXL9371PYJ,OVCC-WS-MXL9PYJ
OVCC-WS-MXL93720ZQ,OVCC-WS-MXL90ZQ
OVCC-WS-MXL9371SFK,OVCC-WS-MXL9SFK
